Exercise Name,Crossfit Session Name,Type of Activity,Type of Equipment,Body Part,Type,Muscle Groups Activated,Instructions
Cossack Squat,Aerobic Body Building,Warm-up,Dumbbells,Full body,Pull,"Upper Chest, Shoulders",Warm-up adequately before performing this exercise to prevent injury.
Glute-Ham Raises,Gymnastics,Cardio,Medicine Ball,Core,Push,"Lower Back, Core","Ensure your breathing is controlled, exhaling during the exertion phase."
Strict L-Sit Pull-Ups,Aerobic Body Building,Cardio,Bodyweight,Lower body,Pull,"Core, Shoulders",Maintain a strong core throughout the exercise for better stability.
Lunge Twists,Gymnastics,Warm-up,Barbell,Full body,Hold,"Glutes, Hamstrings","Focus on controlling the movement to avoid injury, especially when using heavy weights."
Front Squat,Strength,Strength,Bodyweight,Lower body,Hold,"Upper Chest, Shoulders","Focus on controlling the movement to avoid injury, especially when using heavy weights."
Dumbbell Thrusters,Conditioning,Warm-up,Bodyweight,Full body,Hold,"Glutes, Hamstrings","Make sure to use explosive power when needed, especially for dynamic exercises."
Elevated Pike Push-Up,Conditioning,Mobility,Kettlebell,Core,Push,"Lats, Biceps","Make sure to use explosive power when needed, especially for dynamic exercises."
Behind the Neck Jerk,Aerobic Body Building,Mobility,Barbell,Core,Hold,"Lower Back, Core",Maintain a strong core throughout the exercise for better stability.
Plank Hold,Aerobic Body Building,Warm-up,Pull-up Bar,Lower body,Hold,"Lower Back, Core",Stretch before and after this exercise for better mobility and recovery.
Single Leg Box Jump,Crossfit,Warm-up,Kettlebell,Lower body,Stretch,"Chest, Triceps",Stretch before and after this exercise for better mobility and recovery.
Power Jerk,Strength,Mobility,Resistance Band,Lower body,Push,"Quads, Glutes","Make sure to use explosive power when needed, especially for dynamic exercises."
Tire Flips,Aerobic Body Building,Cardio,Dumbbells,Lower body,Push,"Lats, Biceps",Maintain a strong core throughout the exercise for better stability.
Overhead Press,Gymnastics,Cardio,Medicine Ball,Core,Pull,"Hamstrings, Glutes",Maintain a strong core throughout the exercise for better stability.
Weighted Sit-Ups,Crossfit,Warm-up,Kettlebell,Upper body,Stretch,"Biceps, Shoulders",Warm-up adequately before performing this exercise to prevent injury.
Sumo High Pull,Crossfit,Mobility,Bodyweight,Upper body,Stretch,"Upper Chest, Shoulders","Focus on controlling the movement to avoid injury, especially when using heavy weights."
Landmine Squats,Aerobic Body Building,Strength,Resistance Band,Upper body,Stretch,"Core, Shoulders","Make sure to use explosive power when needed, especially for dynamic exercises."
Kettlebell Windmill,Conditioning,Warm-up,Dumbbells,Full body,Stretch,"Shoulders, Triceps","Focus on controlling the movement to avoid injury, especially when using heavy weights."
Reverse Lunges,Conditioning,Strength,Pull-up Bar,Lower body,Pull,"Shoulders, Triceps",Start with a lighter weight or progression if you're new to this exercise.
Jerk Balance,Crossfit,Strength,Dumbbells,Upper body,Pull,"Lats, Biceps","Ensure your breathing is controlled, exhaling during the exertion phase."
Deadlift,Gymnastics,Strength,Medicine Ball,Lower body,Hold,"Core, Shoulders",Perform the movement with a full range of motion while maintaining proper posture.
Split Squats,Strength,Strength,Bodyweight,Core,Stretch,"Biceps, Shoulders",Perform the movement with a full range of motion while maintaining proper posture.
Toe-to-Bar,Conditioning,Mobility,Dumbbells,Full body,Stretch,"Hamstrings, Glutes","Make sure to use explosive power when needed, especially for dynamic exercises."
Windshield Wipers,Strength,Cardio,Barbell,Upper body,Push,"Lower Back, Core",Maintain a strong core throughout the exercise for better stability.
Broad Jumps,Crossfit,Mobility,Kettlebell,Full body,Stretch,"Chest, Triceps",Perform the movement with a full range of motion while maintaining proper posture.
Dumbbell Snatch,Crossfit,Strength,Barbell,Upper body,Stretch,"Lats, Biceps",Maintain a strong core throughout the exercise for better stability.
Strict Press,Crossfit,Cardio,Pull-up Bar,Upper body,Push,"Hamstrings, Glutes",Warm-up adequately before performing this exercise to prevent injury.
Weighted Step-Ups,Gymnastics,Mobility,Barbell,Lower body,Pull,"Lats, Biceps","Ensure your breathing is controlled, exhaling during the exertion phase."
Decline Push-Ups,Gymnastics,Cardio,Barbell,Upper body,Hold,"Glutes, Hamstrings",Maintain a strong core throughout the exercise for better stability.
Zercher Squats,Aerobic Body Building,Mobility,Dumbbells,Upper body,Pull,"Lower Back, Core","Make sure to use explosive power when needed, especially for dynamic exercises."
Double Dumbbell Deadlift,Crossfit,Warm-up,Barbell,Core,Pull,"Biceps, Shoulders",Warm-up adequately before performing this exercise to prevent injury.
Scapular Push-Ups,Gymnastics,Strength,Kettlebell,Upper body,Pull,"Lower Back, Core","Focus on controlling the movement to avoid injury, especially when using heavy weights."
V-Ups,Conditioning,Warm-up,Bodyweight,Upper body,Pull,"Lats, Biceps",Stretch before and after this exercise for better mobility and recovery.
Kettlebell Snatch,Aerobic Body Building,Mobility,Medicine Ball,Lower body,Stretch,"Shoulders, Triceps",Maintain a strong core throughout the exercise for better stability.
Seated Box Jumps,Olympic Weightlifting,Mobility,Kettlebell,Full body,Pull,"Upper Chest, Shoulders",Keep your back straight and hinge at the hips for proper form.
Single Arm Snatch,Olympic Weightlifting,Mobility,Medicine Ball,Core,Pull,"Lower Back, Core","Focus on controlling the movement to avoid injury, especially when using heavy weights."
Banded Tricep Pushdowns,Strength,Mobility,Bodyweight,Upper body,Pull,"Lats, Biceps",Keep your back straight and hinge at the hips for proper form.
Wall Ball Sit-Ups,Crossfit,Warm-up,Kettlebell,Core,Stretch,"Lower Back, Core",Perform the movement with a full range of motion while maintaining proper posture.
Inverted Row,Gymnastics,Mobility,Resistance Band,Upper body,Stretch,"Core, Shoulders",Maintain a strong core throughout the exercise for better stability.
Tire Drag,Conditioning,Strength,Dumbbells,Full body,Pull,"Chest, Triceps",Stretch before and after this exercise for better mobility and recovery.
Push Press,Crossfit,Strength,Barbell,Core,Stretch,"Core, Shoulders",Start with a lighter weight or progression if you're new to this exercise.
Split Snatch,Gymnastics,Mobility,Resistance Band,Full body,Stretch,"Biceps, Shoulders",Start with a lighter weight or progression if you're new to this exercise.
AbMat Sit-Ups,Crossfit,Mobility,Medicine Ball,Lower body,Stretch,"Core, Shoulders",Perform the movement with a full range of motion while maintaining proper posture.
Thrusters,Aerobic Body Building,Cardio,Barbell,Lower body,Push,"Hamstrings, Glutes","Focus on controlling the movement to avoid injury, especially when using heavy weights."
V-Bar Pull-Ups,Strength,Warm-up,Barbell,Upper body,Pull,"Chest, Triceps",Start with a lighter weight or progression if you're new to this exercise.
Strict T2B,Crossfit,Mobility,Barbell,Upper body,Hold,"Lats, Biceps",Perform the movement with a full range of motion while maintaining proper posture.
Rowing,Strength,Strength,Barbell,Full body,Push,"Quads, Glutes",Maintain a strong core throughout the exercise for better stability.
Rope Jumping,Conditioning,Warm-up,Kettlebell,Core,Push,"Quads, Glutes",Start with a lighter weight or progression if you're new to this exercise.
Sled Drag,Crossfit,Cardio,Bodyweight,Lower body,Pull,"Upper Chest, Shoulders",Perform the movement with a full range of motion while maintaining proper posture.
Front Rack Lunge,Crossfit,Warm-up,Barbell,Lower body,Push,"Glutes, Hamstrings",Stretch before and after this exercise for better mobility and recovery.
Strict Muscle-Up,Strength,Warm-up,Bodyweight,Core,Hold,"Shoulders, Triceps","Ensure your breathing is controlled, exhaling during the exertion phase."
Kettlebell Turkish Get-Up,Conditioning,Strength,Kettlebell,Core,Hold,"Hamstrings, Glutes",Start with a lighter weight or progression if you're new to this exercise.
Russian Twists,Gymnastics,Cardio,Barbell,Full body,Push,"Upper Chest, Shoulders",Warm-up adequately before performing this exercise to prevent injury.
Farmer's Carry,Crossfit,Cardio,Medicine Ball,Full body,Pull,"Hamstrings, Glutes","Focus on controlling the movement to avoid injury, especially when using heavy weights."
Sled Pull,Gymnastics,Warm-up,Medicine Ball,Full body,Stretch,"Hamstrings, Glutes",Maintain a strong core throughout the exercise for better stability.
Incline Bench Press,Conditioning,Strength,Dumbbells,Upper body,Hold,"Upper Chest, Shoulders",Stretch before and after this exercise for better mobility and recovery.
Bulgarian Split Squats,Strength,Cardio,Medicine Ball,Upper body,Hold,"Upper Chest, Shoulders",Start with a lighter weight or progression if you're new to this exercise.
Pike Push-Ups,Strength,Cardio,Pull-up Bar,Upper body,Stretch,"Chest, Triceps","Make sure to use explosive power when needed, especially for dynamic exercises."
Pistol Hold,Strength,Strength,Bodyweight,Upper body,Hold,"Upper Chest, Shoulders",Stretch before and after this exercise for better mobility and recovery.
Step-Ups,Conditioning,Strength,Resistance Band,Core,Stretch,"Upper Chest, Shoulders","Focus on controlling the movement to avoid injury, especially when using heavy weights."
Dumbbell Power Clean,Olympic Weightlifting,Cardio,Barbell,Full body,Push,"Glutes, Hamstrings","Ensure your breathing is controlled, exhaling during the exertion phase."
Box Squat,Strength,Strength,Dumbbells,Full body,Pull,"Upper Chest, Shoulders","Ensure your breathing is controlled, exhaling during the exertion phase."
Rope Climbs with Holds,Strength,Strength,Resistance Band,Core,Stretch,"Hamstrings, Glutes",Perform the movement with a full range of motion while maintaining proper posture.
Hollow Body to Superman,Strength,Strength,Kettlebell,Full body,Push,"Biceps, Shoulders",Stretch before and after this exercise for better mobility and recovery.
Sandbag Squats,Aerobic Body Building,Mobility,Pull-up Bar,Core,Stretch,"Shoulders, Triceps",Maintain a strong core throughout the exercise for better stability.
Sledgehammer Slams,Crossfit,Cardio,Kettlebell,Lower body,Pull,"Lats, Biceps",Perform the movement with a full range of motion while maintaining proper posture.
Overhead Squat,Conditioning,Cardio,Resistance Band,Full body,Pull,"Biceps, Shoulders",Warm-up adequately before performing this exercise to prevent injury.
Scapular Pull-Up,Strength,Strength,Kettlebell,Core,Stretch,"Core, Shoulders",Stretch before and after this exercise for better mobility and recovery.
Weighted Pistol Squat,Conditioning,Mobility,Pull-up Bar,Upper body,Stretch,"Shoulders, Triceps","Ensure your breathing is controlled, exhaling during the exertion phase."
Good Mornings,Crossfit,Strength,Bodyweight,Core,Hold,"Lats, Biceps",Warm-up adequately before performing this exercise to prevent injury.
One Arm Dumbbell Snatch,Gymnastics,Cardio,Barbell,Upper body,Pull,"Glutes, Hamstrings",Perform the movement with a full range of motion while maintaining proper posture.
Barbell Front Rack Carry,Strength,Mobility,Medicine Ball,Core,Stretch,"Hamstrings, Glutes",Keep your back straight and hinge at the hips for proper form.
Snatch,Conditioning,Warm-up,Resistance Band,Core,Pull,"Shoulders, Triceps","Ensure your breathing is controlled, exhaling during the exertion phase."
Barbell Thruster,Strength,Strength,Pull-up Bar,Core,Hold,"Lats, Biceps",Maintain a strong core throughout the exercise for better stability.
Inverted Shoulder Press,Conditioning,Mobility,Medicine Ball,Full body,Pull,"Lats, Biceps",Stretch before and after this exercise for better mobility and recovery.
Farmer Walk with Dumbbells,Olympic Weightlifting,Strength,Medicine Ball,Full body,Hold,"Glutes, Hamstrings",Warm-up adequately before performing this exercise to prevent injury.
Bear Crawl Drags,Conditioning,Warm-up,Medicine Ball,Core,Push,"Chest, Triceps",Warm-up adequately before performing this exercise to prevent injury.
Weighted Vest Burpees,Olympic Weightlifting,Warm-up,Barbell,Upper body,Hold,"Hamstrings, Glutes",Stretch before and after this exercise for better mobility and recovery.
Floor Press,Gymnastics,Strength,Pull-up Bar,Core,Stretch,"Biceps, Shoulders","Focus on controlling the movement to avoid injury, especially when using heavy weights."
Dumbbell Deadlift,Gymnastics,Mobility,Pull-up Bar,Lower body,Pull,"Chest, Triceps","Ensure your breathing is controlled, exhaling during the exertion phase."
Strict Ring Muscle-Ups,Gymnastics,Strength,Dumbbells,Upper body,Pull,"Quads, Glutes","Ensure your breathing is controlled, exhaling during the exertion phase."
Clapping Push-Ups,Olympic Weightlifting,Strength,Medicine Ball,Core,Pull,"Quads, Glutes","Ensure your breathing is controlled, exhaling during the exertion phase."
Air Squats,Gymnastics,Cardio,Resistance Band,Full body,Push,"Hamstrings, Glutes","Ensure your breathing is controlled, exhaling during the exertion phase."
Push-Up Claps,Gymnastics,Warm-up,Medicine Ball,Upper body,Hold,"Quads, Glutes","Make sure to use explosive power when needed, especially for dynamic exercises."
Kettlebell Swings,Conditioning,Mobility,Barbell,Lower body,Pull,"Core, Shoulders",Maintain a strong core throughout the exercise for better stability.
Hang Power Snatch,Conditioning,Mobility,Pull-up Bar,Upper body,Stretch,"Glutes, Hamstrings",Start with a lighter weight or progression if you're new to this exercise.
Jump Rope,Gymnastics,Warm-up,Dumbbells,Core,Stretch,"Biceps, Shoulders",Keep your back straight and hinge at the hips for proper form.
Dumbbell Walking Lunge,Strength,Strength,Dumbbells,Upper body,Pull,"Quads, Glutes",Maintain a strong core throughout the exercise for better stability.
Straight Leg Deadlift,Aerobic Body Building,Warm-up,Kettlebell,Lower body,Pull,"Core, Shoulders",Keep your back straight and hinge at the hips for proper form.
Band-Assisted Pull-Ups,Crossfit,Mobility,Bodyweight,Upper body,Pull,"Shoulders, Triceps","Make sure to use explosive power when needed, especially for dynamic exercises."
Explosive Push-Ups,Crossfit,Warm-up,Bodyweight,Core,Push,"Quads, Glutes","Make sure to use explosive power when needed, especially for dynamic exercises."
Seated Row,Strength,Warm-up,Dumbbells,Core,Stretch,"Lower Back, Core","Ensure your breathing is controlled, exhaling during the exertion phase."
Sandbag Carry,Gymnastics,Cardio,Bodyweight,Lower body,Stretch,"Chest, Triceps",Warm-up adequately before performing this exercise to prevent injury.
Wall Balls,Conditioning,Mobility,Medicine Ball,Lower body,Push,"Shoulders, Triceps",Keep your back straight and hinge at the hips for proper form.
Box Jumps,Conditioning,Strength,Pull-up Bar,Full body,Push,"Chest, Triceps",Warm-up adequately before performing this exercise to prevent injury.
Turkish Sit-Up,Aerobic Body Building,Mobility,Barbell,Upper body,Pull,"Glutes, Hamstrings","Ensure your breathing is controlled, exhaling during the exertion phase."
Kipping Pull-Ups,Conditioning,Strength,Resistance Band,Full body,Pull,"Shoulders, Triceps","Focus on controlling the movement to avoid injury, especially when using heavy weights."
Handstand Hold,Aerobic Body Building,Strength,Medicine Ball,Lower body,Hold,"Hamstrings, Glutes","Make sure to use explosive power when needed, especially for dynamic exercises."
Deficit Deadlift,Olympic Weightlifting,Warm-up,Medicine Ball,Lower body,Hold,"Upper Chest, Shoulders",Perform the movement with a full range of motion while maintaining proper posture.
Deficit Push-Ups,Gymnastics,Strength,Medicine Ball,Upper body,Push,"Chest, Triceps",Maintain a strong core throughout the exercise for better stability.
Wall Ball Cleans,Aerobic Body Building,Mobility,Medicine Ball,Lower body,Stretch,"Lower Back, Core",Start with a lighter weight or progression if you're new to this exercise.
Superman Hold,Strength,Strength,Barbell,Core,Push,"Shoulders, Triceps",Warm-up adequately before performing this exercise to prevent injury.
Weighted Roll-Outs,Gymnastics,Cardio,Bodyweight,Lower body,Pull,"Chest, Triceps","Make sure to use explosive power when needed, especially for dynamic exercises."
Pull-ups,Olympic Weightlifting,Mobility,Kettlebell,Lower body,Stretch,"Upper Chest, Shoulders",Keep your back straight and hinge at the hips for proper form.
Reverse Hyper,Aerobic Body Building,Cardio,Medicine Ball,Core,Hold,"Core, Shoulders",Perform the movement with a full range of motion while maintaining proper posture.
Toes to Rings,Conditioning,Warm-up,Dumbbells,Upper body,Stretch,"Lats, Biceps",Start with a lighter weight or progression if you're new to this exercise.
Banded Good Mornings,Gymnastics,Warm-up,Bodyweight,Upper body,Hold,"Biceps, Shoulders","Make sure to use explosive power when needed, especially for dynamic exercises."
Bar Muscle-Ups,Olympic Weightlifting,Warm-up,Medicine Ball,Core,Pull,"Quads, Glutes",Keep your back straight and hinge at the hips for proper form.
Sled Push,Conditioning,Cardio,Resistance Band,Upper body,Push,"Shoulders, Triceps","Make sure to use explosive power when needed, especially for dynamic exercises."
Kettlebell Figure 8,Crossfit,Mobility,Resistance Band,Upper body,Pull,"Lats, Biceps",Stretch before and after this exercise for better mobility and recovery.
High Pull,Gymnastics,Strength,Resistance Band,Upper body,Stretch,"Chest, Triceps",Warm-up adequately before performing this exercise to prevent injury.
Hollow Rock,Gymnastics,Mobility,Medicine Ball,Lower body,Stretch,"Lats, Biceps","Ensure your breathing is controlled, exhaling during the exertion phase."
Overhead Carries,Olympic Weightlifting,Mobility,Resistance Band,Full body,Stretch,"Lats, Biceps",Perform the movement with a full range of motion while maintaining proper posture.
Overhead Kettlebell Squats,Crossfit,Strength,Medicine Ball,Upper body,Pull,"Glutes, Hamstrings","Focus on controlling the movement to avoid injury, especially when using heavy weights."
Seated Kettlebell Press,Aerobic Body Building,Mobility,Kettlebell,Upper body,Hold,"Lats, Biceps","Ensure your breathing is controlled, exhaling during the exertion phase."
Squat Snatch,Crossfit,Warm-up,Kettlebell,Upper body,Pull,"Upper Chest, Shoulders",Maintain a strong core throughout the exercise for better stability.
Box Handstand Push-Up,Conditioning,Warm-up,Pull-up Bar,Upper body,Pull,"Chest, Triceps",Keep your back straight and hinge at the hips for proper form.
Axle Bar Deadlift,Conditioning,Warm-up,Resistance Band,Core,Hold,"Biceps, Shoulders","Make sure to use explosive power when needed, especially for dynamic exercises."
Barbell Lunges,Gymnastics,Strength,Bodyweight,Core,Pull,"Biceps, Shoulders",Start with a lighter weight or progression if you're new to this exercise.
Alternating Dumbbell Snatch,Gymnastics,Strength,Resistance Band,Upper body,Push,"Hamstrings, Glutes",Maintain a strong core throughout the exercise for better stability.
Snatch Balance,Conditioning,Mobility,Dumbbells,Full body,Pull,"Chest, Triceps","Ensure your breathing is controlled, exhaling during the exertion phase."
Ring Muscle-Ups,Conditioning,Warm-up,Bodyweight,Core,Pull,"Hamstrings, Glutes","Focus on controlling the movement to avoid injury, especially when using heavy weights."
Prowler Push/Pull,Gymnastics,Warm-up,Pull-up Bar,Full body,Stretch,"Biceps, Shoulders",Keep your back straight and hinge at the hips for proper form.
Goblet Squat,Conditioning,Strength,Medicine Ball,Lower body,Pull,"Lower Back, Core",Start with a lighter weight or progression if you're new to this exercise.
Bodyweight Squat Hold,Conditioning,Strength,Pull-up Bar,Upper body,Hold,"Upper Chest, Shoulders","Ensure your breathing is controlled, exhaling during the exertion phase."
Lying Leg Raise,Strength,Cardio,Bodyweight,Upper body,Push,"Lats, Biceps",Stretch before and after this exercise for better mobility and recovery.
Legless Rope Climb,Aerobic Body Building,Warm-up,Kettlebell,Lower body,Hold,"Upper Chest, Shoulders",Maintain a strong core throughout the exercise for better stability.
Double KB Deadlift,Crossfit,Mobility,Bodyweight,Lower body,Pull,"Hamstrings, Glutes",Perform the movement with a full range of motion while maintaining proper posture.
Hang Power Clean,Strength,Warm-up,Medicine Ball,Lower body,Stretch,"Core, Shoulders",Perform the movement with a full range of motion while maintaining proper posture.
Plank to Push-up,Olympic Weightlifting,Warm-up,Bodyweight,Lower body,Push,"Hamstrings, Glutes",Stretch before and after this exercise for better mobility and recovery.
Lateral Box Jumps,Olympic Weightlifting,Mobility,Medicine Ball,Core,Pull,"Upper Chest, Shoulders",Stretch before and after this exercise for better mobility and recovery.
Behind the Neck Press,Strength,Cardio,Barbell,Full body,Push,"Chest, Triceps","Make sure to use explosive power when needed, especially for dynamic exercises."
Chest to Bar Pull-Ups,Olympic Weightlifting,Mobility,Pull-up Bar,Core,Stretch,"Hamstrings, Glutes",Keep your back straight and hinge at the hips for proper form.
Broad Jump Burpees,Conditioning,Strength,Pull-up Bar,Full body,Stretch,"Chest, Triceps",Stretch before and after this exercise for better mobility and recovery.
Box Step-Overs,Aerobic Body Building,Strength,Medicine Ball,Upper body,Push,"Biceps, Shoulders",Warm-up adequately before performing this exercise to prevent injury.
Dumbbell Overhead Press,Crossfit,Warm-up,Pull-up Bar,Upper body,Pull,"Upper Chest, Shoulders","Focus on controlling the movement to avoid injury, especially when using heavy weights."
Side Plank Hold,Olympic Weightlifting,Warm-up,Pull-up Bar,Core,Push,"Core, Shoulders",Maintain a strong core throughout the exercise for better stability.
Turkish Get-Up,Strength,Warm-up,Resistance Band,Upper body,Pull,"Hamstrings, Glutes",Start with a lighter weight or progression if you're new to this exercise.
Ring Dips,Aerobic Body Building,Strength,Kettlebell,Core,Stretch,"Lower Back, Core",Stretch before and after this exercise for better mobility and recovery.
Cleans,Strength,Cardio,Resistance Band,Lower body,Hold,"Chest, Triceps","Make sure to use explosive power when needed, especially for dynamic exercises."
Single Arm Kettlebell Press,Gymnastics,Warm-up,Medicine Ball,Core,Push,"Lower Back, Core",Keep your back straight and hinge at the hips for proper form.
Rower Sprints,Conditioning,Cardio,Pull-up Bar,Core,Push,"Lower Back, Core","Make sure to use explosive power when needed, especially for dynamic exercises."
Ski Erg Sprints,Conditioning,Warm-up,Pull-up Bar,Upper body,Hold,"Upper Chest, Shoulders",Start with a lighter weight or progression if you're new to this exercise.
Single Arm Overhead Walking Lunges,Strength,Mobility,Bodyweight,Full body,Stretch,"Chest, Triceps",Maintain a strong core throughout the exercise for better stability.
Lateral Lunges,Olympic Weightlifting,Cardio,Bodyweight,Core,Pull,"Hamstrings, Glutes",Perform the movement with a full range of motion while maintaining proper posture.
Prowler Push,Olympic Weightlifting,Warm-up,Medicine Ball,Full body,Stretch,"Upper Chest, Shoulders",Perform the movement with a full range of motion while maintaining proper posture.
Single Arm Ring Row,Strength,Strength,Dumbbells,Core,Pull,"Upper Chest, Shoulders",Warm-up adequately before performing this exercise to prevent injury.
Banded Squat Jumps,Conditioning,Strength,Medicine Ball,Upper body,Push,"Lats, Biceps","Make sure to use explosive power when needed, especially for dynamic exercises."
Bear Crawl,Crossfit,Strength,Barbell,Full body,Hold,"Lower Back, Core","Ensure your breathing is controlled, exhaling during the exertion phase."
Hang Cleans,Conditioning,Cardio,Kettlebell,Lower body,Push,"Hamstrings, Glutes",Keep your back straight and hinge at the hips for proper form.
Kettlebell Clean,Gymnastics,Cardio,Resistance Band,Core,Stretch,"Glutes, Hamstrings",Stretch before and after this exercise for better mobility and recovery.
Rope Climbs with Legs,Olympic Weightlifting,Mobility,Pull-up Bar,Lower body,Stretch,"Chest, Triceps","Focus on controlling the movement to avoid injury, especially when using heavy weights."
Man Makers,Aerobic Body Building,Cardio,Medicine Ball,Upper body,Stretch,"Shoulders, Triceps",Perform the movement with a full range of motion while maintaining proper posture.
Ring Rows,Conditioning,Warm-up,Bodyweight,Full body,Push,"Biceps, Shoulders","Make sure to use explosive power when needed, especially for dynamic exercises."
Weighted Pull-Up,Gymnastics,Warm-up,Dumbbells,Core,Hold,"Glutes, Hamstrings",Warm-up adequately before performing this exercise to prevent injury.
Overhead Lunges,Aerobic Body Building,Strength,Kettlebell,Upper body,Hold,"Shoulders, Triceps","Make sure to use explosive power when needed, especially for dynamic exercises."
Box Thrusters,Olympic Weightlifting,Cardio,Kettlebell,Full body,Hold,"Hamstrings, Glutes","Focus on controlling the movement to avoid injury, especially when using heavy weights."
Dumbbell Bench Press,Crossfit,Strength,Bodyweight,Full body,Hold,"Chest, Triceps","Focus on controlling the movement to avoid injury, especially when using heavy weights."
Strict Handstand Push-Up,Strength,Cardio,Medicine Ball,Core,Stretch,"Upper Chest, Shoulders","Make sure to use explosive power when needed, especially for dynamic exercises."
Sumo Deadlift,Conditioning,Mobility,Pull-up Bar,Lower body,Push,"Upper Chest, Shoulders","Focus on controlling the movement to avoid injury, especially when using heavy weights."
Dragon Flags,Crossfit,Mobility,Kettlebell,Core,Stretch,"Upper Chest, Shoulders","Make sure to use explosive power when needed, especially for dynamic exercises."
Weighted Wall Balls,Gymnastics,Mobility,Dumbbells,Core,Push,"Lats, Biceps",Start with a lighter weight or progression if you're new to this exercise.
Burpee Box Jumps,Crossfit,Warm-up,Kettlebell,Core,Push,"Upper Chest, Shoulders",Keep your back straight and hinge at the hips for proper form.
Single Arm Kettlebell Swings,Conditioning,Cardio,Pull-up Bar,Lower body,Hold,"Lower Back, Core",Start with a lighter weight or progression if you're new to this exercise.
L-Sit Hold,Crossfit,Cardio,Medicine Ball,Upper body,Hold,"Quads, Glutes",Warm-up adequately before performing this exercise to prevent injury.
Flutter Kicks,Gymnastics,Warm-up,Dumbbells,Upper body,Hold,"Core, Shoulders",Keep your back straight and hinge at the hips for proper form.
One Arm Overhead Squat,Aerobic Body Building,Cardio,Resistance Band,Lower body,Hold,"Upper Chest, Shoulders",Start with a lighter weight or progression if you're new to this exercise.
Lateral Kettlebell Swing,Strength,Cardio,Barbell,Core,Stretch,"Hamstrings, Glutes","Focus on controlling the movement to avoid injury, especially when using heavy weights."
Lunges,Gymnastics,Cardio,Medicine Ball,Lower body,Hold,"Lats, Biceps",Stretch before and after this exercise for better mobility and recovery.
GHD Sit-ups,Aerobic Body Building,Mobility,Pull-up Bar,Lower body,Push,"Core, Shoulders",Warm-up adequately before performing this exercise to prevent injury.
Rope Slams,Conditioning,Warm-up,Pull-up Bar,Upper body,Hold,"Glutes, Hamstrings","Focus on controlling the movement to avoid injury, especially when using heavy weights."
Incline Push-Ups,Olympic Weightlifting,Mobility,Dumbbells,Core,Stretch,"Upper Chest, Shoulders",Stretch before and after this exercise for better mobility and recovery.
Worm Pull,Strength,Strength,Bodyweight,Core,Stretch,"Upper Chest, Shoulders",Maintain a strong core throughout the exercise for better stability.
Bench Press,Gymnastics,Mobility,Kettlebell,Upper body,Push,"Chest, Triceps",Start with a lighter weight or progression if you're new to this exercise.
Push-Up Rows,Strength,Mobility,Kettlebell,Full body,Hold,"Chest, Triceps",Stretch before and after this exercise for better mobility and recovery.
Pallof Press,Conditioning,Warm-up,Pull-up Bar,Upper body,Push,"Lats, Biceps",Maintain a strong core throughout the exercise for better stability.
Plank,Olympic Weightlifting,Mobility,Dumbbells,Full body,Pull,"Chest, Triceps","Ensure your breathing is controlled, exhaling during the exertion phase."
Double Unders,Aerobic Body Building,Warm-up,Resistance Band,Upper body,Pull,"Chest, Triceps",Stretch before and after this exercise for better mobility and recovery.
Russian Kettlebell Swing,Conditioning,Mobility,Barbell,Full body,Pull,"Lower Back, Core",Perform the movement with a full range of motion while maintaining proper posture.
Clean and Jerk,Olympic Weightlifting,Mobility,Medicine Ball,Upper body,Hold,"Quads, Glutes","Focus on controlling the movement to avoid injury, especially when using heavy weights."
Hollow Body Hold,Aerobic Body Building,Strength,Bodyweight,Upper body,Pull,"Chest, Triceps",Warm-up adequately before performing this exercise to prevent injury.
Deadstop Deadlifts,Aerobic Body Building,Warm-up,Medicine Ball,Full body,Push,"Shoulders, Triceps",Warm-up adequately before performing this exercise to prevent injury.
One-Legged Deadlift,Conditioning,Strength,Barbell,Upper body,Stretch,"Chest, Triceps",Stretch before and after this exercise for better mobility and recovery.
Jumping Lunges,Olympic Weightlifting,Warm-up,Medicine Ball,Core,Hold,"Core, Shoulders","Ensure your breathing is controlled, exhaling during the exertion phase."
Wall Sits,Crossfit,Warm-up,Pull-up Bar,Lower body,Push,"Biceps, Shoulders",Maintain a strong core throughout the exercise for better stability.
Renegade Rows,Conditioning,Warm-up,Bodyweight,Lower body,Stretch,"Glutes, Hamstrings",Start with a lighter weight or progression if you're new to this exercise.
Jumping Pull-Ups,Olympic Weightlifting,Mobility,Pull-up Bar,Core,Stretch,"Hamstrings, Glutes","Ensure your breathing is controlled, exhaling during the exertion phase."
Weighted Overhead Lunges,Gymnastics,Cardio,Medicine Ball,Full body,Stretch,"Chest, Triceps",Stretch before and after this exercise for better mobility and recovery.
Mountain Climbers,Conditioning,Mobility,Medicine Ball,Core,Stretch,"Core, Shoulders","Focus on controlling the movement to avoid injury, especially when using heavy weights."
Bottom-Up Kettlebell Press,Crossfit,Cardio,Barbell,Full body,Push,"Hamstrings, Glutes",Keep your back straight and hinge at the hips for proper form.
Pistol Squats,Aerobic Body Building,Warm-up,Resistance Band,Lower body,Stretch,"Hamstrings, Glutes",Start with a lighter weight or progression if you're new to this exercise.
Back Squat,Crossfit,Mobility,Medicine Ball,Upper body,Push,"Shoulders, Triceps","Make sure to use explosive power when needed, especially for dynamic exercises."
Handstand Push-ups,Aerobic Body Building,Mobility,Resistance Band,Core,Push,"Quads, Glutes",Maintain a strong core throughout the exercise for better stability.
Burpees,Gymnastics,Warm-up,Pull-up Bar,Lower body,Stretch,"Glutes, Hamstrings","Focus on controlling the movement to avoid injury, especially when using heavy weights."
Assault Bike,Conditioning,Strength,Bodyweight,Upper body,Hold,"Lats, Biceps","Focus on controlling the movement to avoid injury, especially when using heavy weights."
Dumbbell Windmills,Strength,Warm-up,Bodyweight,Lower body,Hold,"Upper Chest, Shoulders","Make sure to use explosive power when needed, especially for dynamic exercises."
Overhead Kettlebell Carry,Strength,Cardio,Kettlebell,Full body,Hold,"Core, Shoulders",Perform the movement with a full range of motion while maintaining proper posture.
Rope Climbs,Gymnastics,Cardio,Barbell,Full body,Push,"Core, Shoulders","Focus on controlling the movement to avoid injury, especially when using heavy weights."
